date_added,bde_id,task_id,startup,territory,persona,first_name,last_name,title,company,company_domain,company_size,industry,city,state,linkedin_url,signal_notes,check_status,check_reasons,score,founder_note,status,status_updated
2026-10-05,BDE-01,T-2026-10-05-BDE-01,daxa,northeast,ciso,Morgan,Hale,CISO,Northwind Bank,northwindbank.example,5001-10000,Banking,New York,NY,https://www.linkedin.com/in/morgan-hale-demo,,valid,,85,,meeting,
2026-10-05,BDE-01,T-2026-10-05-BDE-01,daxa,northeast,ciso,Priya,Shah,VP Information Security,Harbor Mutual,harbormutual.example,1001-5000,Insurance,Boston,MA,https://www.linkedin.com/in/priya-shah-demo,,valid,,85,,accepted,
2026-10-05,BDE-02,T-2026-10-05-BDE-02,autonomops,bay_area,sre_leader,Sam,Ortiz,Site Reliability Engineer,Cloudpeak,cloudpeak.example,501-1000,Software Development,San Jose,CA,https://www.linkedin.com/in/sam-ortiz-demo,,rejected,"title 'Site Reliability Engineer' doesn't fit persona sre_leader (individual contributor, not a leader)",,,,
2026-10-05,BDE-03,T-2026-10-05-BDE-03,fastn,bay_area,saas_cto,Lee,Chen,CTO,Tasklane,tasklane.example,51-200,Software Development,San Francisco,CA,https://www.linkedin.com/in/lee-chen-demo,,valid,,75,,invited,
2026-10-12,BDE-01,T-2026-10-12-BDE-01,daxa,northeast,ciso,Jordan,Blake,Chief Information Security Officer,Granite Trust,granitetrust.example,1001-5000,Financial Services,New York,NY,linkedin.com/in/Jordan-Blake-Demo/,Spoke at a bank security meetup about GenAI data leakage,,,,,,
2026-10-12,BDE-01,T-2026-10-12-BDE-01,daxa,northeast,ciso,Casey,Moore,Head of Information Security,Bayview Health,bayviewhealth.example,5001-10000,Hospitals and Health Care,Boston,Massachusetts,https://www.linkedin.com/in/casey-moore-demo,,,,,,,
2026-10-12,BDE-01,T-2026-10-12-BDE-01,daxa,northeast,ciso,Riley,Grant,Security Analyst,Granite Trust,granitetrust.example,1001-5000,Financial Services,New York,NY,https://www.linkedin.com/in/riley-grant-demo,,,,,,,
2026-10-12,BDE-01,T-2026-10-12-BDE-01,daxa,northeast,ciso,Taylor,Reed,CISO,Lakeside Credit Union,lakesidecu.example,1001-5000,Banking,Chicago,IL,https://www.linkedin.com/in/taylor-reed-demo,,,,,,,
2026-10-12,BDE-01,T-2026-10-12-BDE-01,daxa,northeast,ciso,Avery,Park,CISO,Pinecrest Bank,pinecrest.example,1001-5000,Banking,New York,NY,"https://www.linkedin.com/sales/lead/ACwAAA123,NAME_SEARCH",,,,,,,
2026-10-12,BDE-02,T-2026-10-12-BDE-02,autonomops,bay_area,sre_leader,Drew,Kim,SRE Manager,Cloudpeak,cloudpeak.example,501-1000,Software Development,San Jose,CA,https://www.linkedin.com/in/drew-kim-demo,Hiring 3 SREs; team posted about on-call burnout,,,,,,
2026-10-12,BDE-02,T-2026-10-12-BDE-02,autonomops,bay_area,infra_leader,Quinn,Lopez,VP Infrastructure,Streamly,streamly.example,1001-5000,"Technology, Information and Internet",Palo Alto,CA,https://www.linkedin.com/in/quinn-lopez-demo,,,,,,,
2026-10-12,BDE-02,T-2026-10-12-BDE-02,autonomops,bay_area,infra_leader,Morgan,Hale,CISO,Northwind Bank,northwindbank.example,5001-10000,Banking,New York,NY,https://www.linkedin.com/in/morgan-hale-demo,,,,,,,
2026-10-12,BDE-02,T-2026-10-12-BDE-02,autonomops,bay_area,sre_leader,Jamie,Fox,"Reliability Lead, Payments",Paygrid,paygrid.example,201-500,Financial Services,Oakland,CA,https://www.linkedin.com/in/jamie-fox-demo,,,,,,,
2026-10-12,BDE-03,T-2026-10-12-BDE-03,fastn,bay_area,saas_cto,Robin,Patel,Co-founder & CTO,Formstack Labs,formstacklabs.example,11-50,Software Development,San Francisco,CA,https://www.linkedin.com/in/robin-patel-demo,Launched an AI agent product last month; needs Salesforce + HubSpot connectors,,,,,,
2026-10-12,BDE-03,T-2026-10-12-BDE-03,fastn,bay_area,saas_cto,Alex,Rivera,VP Engineering,Bigcorp Systems,bigcorp.example,10001+,Software Development,San Francisco,CA,https://www.linkedin.com/in/alex-rivera-demo,,,,,,,
2026-10-12,BDE-03,T-2026-10-12-BDE-03,fastn,bay_area,saas_cto,Chris,Nolan,CTO,Rivalstack,rivalstack.example,51-200,Software Development,San Mateo,CA,https://www.linkedin.com/in/chris-nolan-demo,,,,,,,
2026-10-12,BDE-04,T-2026-10-12-BDE-04,architecto,south,solutions_architect,Pat,Murphy,Senior Solutions Architect,Lonestar Cloud Partners,lonestarcloud.example,201-500,IT Services and IT Consulting,Austin,TX,https://www.linkedin.com/in/pat-murphy-demo,Posts AWS architecture diagrams weekly,,,,,,
2026-10-12,BDE-04,T-2026-10-12-BDE-04,architecto,south,solutions_architect,Kim,Lee,Landscape Architect,GreenWorks,greenworks.example,51-200,Construction,Dallas,TX,https://www.linkedin.com/in/kim-lee-demo,,,,,,,
2026-10-12,BDE-04,T-2026-10-12-BDE-04,architecto,south,enterprise_architect,Dana,Wells,,Peachtree Logistics,peachtree.example,1001-5000,Transportation,Atlanta,GA,,,,,,,,
